base_sample_id,image_filename,source_expression,repaired_expression,repair_decision,source_expression_truth,confidence,added_atoms,removed_or_replaced_atoms,evidence_citations,reason,review_status,eligible_for_training
hallu_000005_COCO_train2014_000000039527,COCO_train2014_000000039527.jpg,the teddy bear next to the person,the pink teddy bear on the person's head,rewrite,ambiguous,high,"[{""text"": ""pink"", ""type"": ""color"", ""evidence_cue"": ""entire visible plush body is vivid pink""}, {""text"": ""on the person's head"", ""type"": ""relation"", ""evidence_cue"": ""lies directly on top of the person’s head/hair""}]","[{""source_text"": ""next to the person"", ""replacement_text"": ""on the person's head"", ""reason"": ""more precise spatial relation to distinguish from other teddy bears near or held by the person""}]","[""entire visible plush body is vivid pink"", ""lies directly on top of the person’s head/hair""]",The source expression is ambiguous due to the presence of multiple teddy bears in the scene. Adding the distinctive color 'pink' and specifying the exact position 'on the person's head' uniquely and accurately identifies the target.,pending_human_confirmation,False
hallu_000007_COCO_train2014_000000139152,COCO_train2014_000000139152.jpg,the car behind the bird,the car behind the bird,keep,supported,high,[],[],"[""bird is in sharp focus on foreground car roof; GT-boxed object is out-of-focus in background, confirming spatial relation 'behind'""]","The source expression accurately and unambiguously identifies the target car by its spatial relation to the bird, successfully distinguishing it from the foreground car the bird is standing on.",pending_human_confirmation,False
hallu_000008_COCO_train2014_000000500224,COCO_train2014_000000500224.jpg,the catcher in the blue uniform,the catcher in the blue uniform,keep,supported,high,[],[],"[""Person is wearing full catcher’s equipment and is in catcher’s stance."", ""Chest protector is distinctly blue, acting as the dominant visible uniform element."", ""Only one person wearing full catcher gear""]","The source expression truthfully and sufficiently identifies the exact target. There is only one catcher visible, and the distinct blue chest protector supports the description of a blue uniform.",pending_human_confirmation,False
hallu_000055_COCO_train2014_000000555211,COCO_train2014_000000555211.jpg,the couch next to the coffee table,the light beige couch under the window next to the coffee table,rewrite,ambiguous,medium,"[{""text"": ""light beige"", ""type"": ""color"", ""evidence_cue"": ""light beige or cream upholstery""}, {""text"": ""under the window"", ""type"": ""relation"", ""evidence_cue"": ""placed under a large window with bright daylight""}]",[],"[""light beige or cream upholstery"", ""placed under a large window with bright daylight"", ""distinct white sectional couch in the foreground""]",The source expression is ambiguous due to the presence of another couch in the foreground. Adding the color 'light beige' and the spatial relation 'under the window' uniquely identifies the target couch and resolves the same-category instance confusion.,pending_human_confirmation,False
hallu_000060_COCO_train2014_000000519685,COCO_train2014_000000519685.jpg,the person sitting on the couch,the person sitting on the couch,keep,supported,high,[],[],"[""only person seated (others are standing)"", ""person is seated on a brown leather-style couch""]","The source expression truthfully and sufficiently identifies the exact target. Visual evidence confirms the target is the only person seated on the couch, while other people in the scene are standing, making the expression unambiguous.",pending_human_confirmation,False
hallu_000074_COCO_train2014_000000190469,COCO_train2014_000000190469.jpg,the person behind the vegetables,the person in the light-colored garment behind the vegetables,rewrite,ambiguous,high,"[{""text"": ""in the light-colored garment"", ""type"": ""attribute"", ""evidence_cue"": ""light-colored garment contrasting with dark background""}]",[],"[""light-colored garment contrasting with dark background"", ""a different person on the left side of the image, wearing darker clothing, partially visible behind vegetables""]",The source expression is ambiguous because there is another person also partially visible behind the vegetables. Adding the light-colored garment distinguishes the target from the distractor in darker clothing.,pending_human_confirmation,False
hallu_000099_COCO_train2014_000000010130,COCO_train2014_000000010130.jpg,the person next to the cell phone,the person holding the cell phone to their ear,rewrite,ambiguous,high,"[{""text"": ""holding"", ""type"": ""action_state"", ""evidence_cue"": ""holding phone to ear""}, {""text"": ""to their ear"", ""type"": ""relation"", ""evidence_cue"": ""holding phone to right ear""}]","[{""source_text"": ""next to"", ""replacement_text"": ""holding ... to their ear"", ""reason"": ""'next to' is a weak and ambiguous spatial relation given 3 same-category distractors; 'holding to their ear' is the specific disambiguating action observed.""}]","[""holding phone to right ear"", ""right hand holding a dark rectangular object (phone) against right ear""]","The source expression uses the weak relation 'next to', which is ambiguous given 3 same-category distractors. Rewriting to 'holding the cell phone to their ear' uses the specific disambiguating action from the visual evidence to uniquely identify the target.",pending_human_confirmation,False
hallu_000114_COCO_train2014_000000462080,COCO_train2014_000000462080.jpg,the orange next to the apple,the orange directly to the right of the red apple,rewrite,ambiguous,high,"[{""text"": ""red"", ""type"": ""color"", ""evidence_cue"": ""red apple occupies left side of frame""}, {""text"": ""directly to the right of"", ""type"": ""relation"", ""evidence_cue"": ""directly adjacent (to the right) of a red apple""}]","[{""source_text"": ""next to"", ""replacement_text"": ""directly to the right of"", ""reason"": ""replaced with more precise directional relation to distinguish from other orange distractors""}]","[""directly adjacent (to the right) of a red apple"", ""red apple occupies left side of frame""]",The original expression is ambiguous due to the presence of multiple orange distractors. Adding the specific color of the apple and the exact directional relation uniquely and naturally identifies the target.,pending_human_confirmation,False
hallu_000122_COCO_train2014_000000097411,COCO_train2014_000000097411.jpg,the pizza slice next to the person,the rightmost pizza slice next to the person,rewrite,ambiguous,high,"[{""text"": ""rightmost"", ""type"": ""attribute"", ""evidence_cue"": ""rightmost slice in the box""}]",[],"[""GT box encloses the rightmost pizza slice in the box"", ""slice positioned closest to the person's leg on the right""]",The source expression is ambiguous because there are two pizza slices in the box. Adding 'rightmost' clarifies that the target is the specific slice closest to the person on the right.,pending_human_confirmation,False
hallu_000127_COCO_train2014_000000399138,COCO_train2014_000000399138.jpg,the person sitting next to the sandwich,the person sitting and holding a sandwich,rewrite,contradicted,high,"[{""text"": ""holding a sandwich"", ""type"": ""action_state"", ""evidence_cue"": ""holding sandwich in right hand""}]","[{""source_text"": ""next to"", ""replacement_text"": ""and holding"", ""reason"": ""the person is holding the sandwich, not sitting next to it as a separate object""}]","[""holding sandwich in right hand"", ""the target is not sitting *next to* the sandwich as a separate object on a surface; rather, she is holding it""]",The source expression incorrectly states the person is sitting next to the sandwich. Visual evidence confirms the person is holding the sandwich. The expression is rewritten to reflect this action.,pending_human_confirmation,False
hallu_000157_COCO_train2014_000000086017,COCO_train2014_000000086017.jpg,the person next to the wine glasses,the person with a silver wristband next to the wine glasses,rewrite,ambiguous,high,"[{""text"": ""with a silver wristband"", ""type"": ""attribute"", ""evidence_cue"": ""silver/grey metallic wristband""}]",[],"[""silver/grey metallic wristband"", ""hand is directly adjacent to the cluster of wine glasses""]",The source expression is slightly ambiguous due to the presence of another person's arm in the scene. Adding the silver wristband attribute uniquely and accurately identifies the target person's arm resting next to the wine glasses.,pending_human_confirmation,False
hallu_000161_COCO_train2014_000000414499,COCO_train2014_000000414499.jpg,the snowboard next to the person,the pale yellow snowboard next to the rightmost person,rewrite,ambiguous,high,"[{""text"": ""pale yellow"", ""type"": ""color"", ""evidence_cue"": ""pale yellow/cream base color""}, {""text"": ""rightmost"", ""type"": ""relation"", ""evidence_cue"": ""positioned next to rightmost person""}]","[{""source_text"": ""the person"", ""replacement_text"": ""the rightmost person"", ""reason"": ""disambiguate among multiple people in the scene""}]","[""pale yellow/cream base color"", ""positioned next to rightmost person""]",The original expression is ambiguous due to the presence of multiple snowboards and people. Added the target's distinct color and specified the rightmost person to uniquely identify the correct snowboard.,pending_human_confirmation,False
hallu_000166_COCO_train2014_000000250380,COCO_train2014_000000250380.jpg,the person in front of the dog,the person in a red shirt in front of the dog,rewrite,ambiguous,high,"[{""text"": ""in a red shirt"", ""type"": ""color"", ""evidence_cue"": ""solid bright red short-sleeve shirt""}]",[],"[""solid bright red short-sleeve shirt"", ""person is in front of the dog (from viewer perspective)""]","The source expression is supported by the spatial evidence but led to same-category instance confusion, likely due to depth ambiguity. Adding the red shirt color provides a clear and definitive distinguishing cue.",pending_human_confirmation,False
hallu_000179_COCO_train2014_000000470501,COCO_train2014_000000470501.jpg,the baseball bat held by the person,the baseball bat held by the person in the blue shirt,rewrite,ambiguous,high,"[{""text"": ""in the blue shirt"", ""type"": ""attribute"", ""evidence_cue"": ""the baseball bat is held by the person wearing a blue shirt and red cap""}]",[],"[""the baseball bat is held by the person wearing a blue shirt and red cap"", ""a second person (in red shirt) holds a different bat""]",The source expression is ambiguous because there are two people holding baseball bats in the image. Adding the blue shirt color distinguishes the target person from the other person in a red shirt.,pending_human_confirmation,False
hallu_000183_COCO_train2014_000000370145,COCO_train2014_000000370145.jpg,the person in front of the counter,the person in front of the counter pouring from a bottle,rewrite,ambiguous,high,"[{""text"": ""pouring from a bottle"", ""type"": ""action_state"", ""evidence_cue"": ""actively pouring from bottle into pitcher""}]",[],"[""actively pouring from bottle into pitcher"", ""person is positioned in front of a wooden counter""]",The source expression is ambiguous because there are multiple people near the counter. Adding the specific action of pouring from a bottle uniquely identifies the target person.,pending_human_confirmation,False
hallu_000215_COCO_train2014_000000106438,COCO_train2014_000000106438.jpg,the cell phone in the person's hand,the orange cell phone in the person's hand,rewrite,ambiguous,high,"[{""text"": ""orange"", ""type"": ""color"", ""evidence_cue"": ""vibrant orange plastic casing surrounding the device""}]",[],"[""vibrant orange plastic casing surrounding the device"", ""orange color (vs purple distractor)""]",The source expression is ambiguous because there is a purple distractor cell phone also held in a person's hand. Adding the color 'orange' uniquely identifies the target.,pending_human_confirmation,False
hallu_000228_COCO_train2014_000000113244,COCO_train2014_000000113244.jpg,the cake on the plate,the cut cake on the plate,rewrite,ambiguous,high,"[{""text"": ""cut"", ""type"": ""attribute"", ""evidence_cue"": ""only target cake shows a clear vertical cut""}]",[],"[""only target cake shows a clear vertical cut""]","The source expression is ambiguous because there are multiple cakes on plates in the image. Added the attribute 'cut' to uniquely identify the target cake, which is the only one showing a clear vertical cut.",pending_human_confirmation,False
hallu_000239_COCO_train2014_000000541496,COCO_train2014_000000541496.jpg,the suitcase next to the backpack,the suitcase next to the backpack,keep,supported,high,[],[],"[""only one satisfies the relational constraint 'next to the backpack'"", ""GT suitcase is on floor directly left of the seat where a black backpack rests; spatial proximity satisfies 'next to'""]","The source expression truthfully and sufficiently identifies the exact target. Visual evidence confirms that the target is the only suitcase that satisfies the relational constraint of being next to the backpack, making the expression unambiguous despite the presence of other suitcases in the scene.",pending_human_confirmation,False
hallu_000261_COCO_train2014_000000036046,COCO_train2014_000000036046.jpg,the chair next to the person,the unoccupied chair next to the person,rewrite,ambiguous,high,"[{""text"": ""unoccupied"", ""type"": ""action_state"", ""evidence_cue"": ""unoccupied""}]",[],"[""unoccupied""]",The source expression is ambiguous because it could be misinterpreted as the chair the person is sitting on. Adding 'unoccupied' distinguishes the target empty chair from the occupied distractor.,pending_human_confirmation,False
hallu_000267_COCO_train2014_000000404812,COCO_train2014_000000404812.jpg,the person sitting on the couch,the person sitting on the couch holding a white game controller,rewrite,ambiguous,high,"[{""text"": ""holding a white game controller"", ""type"": ""action_state"", ""evidence_cue"": ""holding white game controller""}]",[],"[""holding white game controller"", ""exactly one other person visible""]",The source expression is ambiguous because there are two people sitting on the couch. Added the cue 'holding a white game controller' to uniquely identify the target person.,pending_human_confirmation,False
hallu_000277_COCO_train2014_000000153591,COCO_train2014_000000153591.jpg,the wine glass in front of the person,the wine glass in front of the person,keep,supported,high,[],[],"[""clearly visible stemmed wine glass with liquid"", ""blurred human-shaped form in background, consistent with being behind the glass in depth""]",The source expression truthfully and sufficiently identifies the exact target. It is the only clearly visible wine glass in the image and is correctly described as being in front of the blurred background person.,pending_human_confirmation,False
hallu_000303_COCO_train2014_000000024706,COCO_train2014_000000024706.jpg,the person holding a tennis racket,the person jumping and holding a tennis racket,rewrite,ambiguous,high,"[{""text"": ""jumping"", ""type"": ""action_state"", ""evidence_cue"": ""in mid-air (jumping)""}]",[],"[""in mid-air (jumping)"", ""feet clearly not touching ground""]","The source expression is ambiguous because a second person is also present and holding a tennis racket near the ground. Adding 'jumping' uniquely identifies the target, who is in mid-air.",pending_human_confirmation,False
hallu_000310_COCO_train2014_000000372790,COCO_train2014_000000372790.jpg,the umbrella held by the person,the blue and white striped umbrella held by the person in a tan jacket,rewrite,ambiguous,high,"[{""text"": ""blue and white striped"", ""type"": ""color"", ""evidence_cue"": ""blue-and-white vertical striped pattern""}, {""text"": ""in a tan jacket"", ""type"": ""attribute"", ""evidence_cue"": ""held by person in tan jacket""}]",[],"[""blue-and-white vertical striped pattern"", ""held by person in tan jacket""]",The source expression is ambiguous because there is another umbrella held by a different person in the scene. Added color and clothing cues to uniquely identify the target umbrella and the person holding it.,pending_human_confirmation,False
hallu_000321_COCO_train2014_000000573724,COCO_train2014_000000573724.jpg,the chair next to the table,the light beige upholstered armchair next to the small round white table,rewrite,ambiguous,high,"[{""text"": ""light beige"", ""type"": ""color"", ""evidence_cue"": ""light beige textured fabric""}, {""text"": ""upholstered armchair"", ""type"": ""object"", ""evidence_cue"": ""upholstered armchair with rolled arms and skirted base""}, {""text"": ""small round white"", ""type"": ""attribute"", ""evidence_cue"": ""small round white side table""}]","[{""source_text"": ""chair"", ""replacement_text"": ""upholstered armchair"", ""reason"": ""disambiguate from the straight-backed wooden chair""}, {""source_text"": ""the table"", ""replacement_text"": ""the small round white table"", ""reason"": ""disambiguate from the main white desk in the background""}]","[""light beige textured fabric"", ""upholstered armchair with rolled arms and skirted base"", ""small round white side table""]","The source expression is ambiguous due to the presence of multiple chairs and tables. Added color, upholstery, and specific table description to uniquely identify the target armchair and prevent confusion with the wooden chair near the main desk.",pending_human_confirmation,False
hallu_000335_COCO_train2014_000000500400,COCO_train2014_000000500400.jpg,the pizza in front of the person,the foreground pizza in front of the person,rewrite,ambiguous,high,"[{""text"": ""foreground"", ""type"": ""attribute"", ""evidence_cue"": ""foreground pizza is larger and closer to camera""}]",[],"[""foreground pizza is larger and closer to camera"", ""a second pizza is visible behind the target pizza""]",The source expression is ambiguous because there is a second pizza that is also in front of the person but positioned behind the target. Adding 'foreground' clearly distinguishes the target pizza from the background distractor.,pending_human_confirmation,False
hallu_000345_COCO_train2014_000000033896,COCO_train2014_000000033896.jpg,the person next to the dining table,the person with dark hair next to the dining table,rewrite,ambiguous,high,"[{""text"": ""with dark hair"", ""type"": ""attribute"", ""evidence_cue"": ""person has dark hair""}]",[],"[""person has dark hair (vs. distractor's reddish-blonde hair)""]",The source expression is ambiguous because there is a second person in an identical outfit and pose on the other side of the same table. Added 'with dark hair' to distinguish the target from the reddish-blonde distractor.,pending_human_confirmation,False
hallu_000375_COCO_train2014_000000246539,COCO_train2014_000000246539.jpg,the person's foot next to the apple,the person's lower-left foot next to the apple,rewrite,ambiguous,high,"[{""text"": ""lower-left"", ""type"": ""attribute"", ""evidence_cue"": ""lower-left quadrant foot""}]",[],"[""lower-left quadrant foot"", ""closest foot to the fruit bowl""]",The source expression is ambiguous because there is another foot belonging to the same person in the image. Added 'lower-left' to uniquely identify the target foot based on its spatial position.,pending_human_confirmation,False
hallu_000403_COCO_train2014_000000004578,COCO_train2014_000000004578.jpg,the dining table next to the window,the dining table next to the left window,rewrite,ambiguous,high,"[{""text"": ""left"", ""type"": ""attribute"", ""evidence_cue"": ""immediate adjacency to the left window (not the right window)""}]","[{""source_text"": ""the window"", ""replacement_text"": ""the left window"", ""reason"": ""specify left window to disambiguate from other tables and windows in the scene""}]","[""immediate adjacency to the left window (not the right window)""]",The source expression is ambiguous due to the presence of multiple dining tables. Adding 'left' to specify the left window uniquely identifies the target table based on the provided disambiguating cues.,pending_human_confirmation,False
hallu_000418_COCO_train2014_000000431704,COCO_train2014_000000431704.jpg,the dining table with a bowl and donuts,the dining table with a white bowl and a yellow-labeled can,rewrite,ambiguous,high,"[{""text"": ""white"", ""type"": ""color"", ""evidence_cue"": ""white bowl""}, {""text"": ""yellow-labeled can"", ""type"": ""object"", ""evidence_cue"": ""open yellow-labeled can""}]","[{""source_text"": ""and donuts"", ""replacement_text"": ""and a yellow-labeled can"", ""reason"": ""donuts are located outside the grounded GT box""}]","[""presence of white bowl and open yellow-labeled can on wooden surface"", ""donuts are on a red tray located above and outside the GT box""]","The source expression includes donuts which are outside the GT box. The expression is rewritten to replace the donuts with the yellow-labeled can that is actually inside the grounded region, and adds the color of the bowl for disambiguation.",pending_human_confirmation,False
hallu_000434_COCO_train2014_000000324332,COCO_train2014_000000324332.jpg,the bus next to the people,the green bus next to the people,rewrite,ambiguous,high,"[{""text"": ""green"", ""type"": ""color"", ""evidence_cue"": ""distinct green paint on lower front bumper/panel""}]",[],"[""distinct green paint on lower front bumper/panel"", ""orange-and-white bus on the left""]",The source expression is ambiguous because there is another bus (orange-and-white) that also has people next to it. Adding the color 'green' uniquely identifies the target bus.,pending_human_confirmation,False
hallu_000438_COCO_train2014_000000074078,COCO_train2014_000000074078.jpg,the couch next to the fireplace,the couch next to the fireplace,keep,supported,high,[],[],"[""the couch is directly adjacent to the brick fireplace on its right side"", ""GT box encloses a clearly identifiable plaid-upholstered couch""]",The source expression truthfully and sufficiently identifies the exact target. The spatial relation 'next to the fireplace' is strongly supported by the visual evidence and effectively distinguishes the target from the same-category distractors in the scene.,pending_human_confirmation,False
hallu_000481_COCO_train2014_000000389188,COCO_train2014_000000389188.jpg,the tennis racket in the person's hand,the tennis racket in the hand of the person on the left,rewrite,ambiguous,high,"[{""text"": ""on the left"", ""type"": ""relation"", ""evidence_cue"": ""racket held by person on left (viewer’s left) side of net""}]","[{""source_text"": ""the person's hand"", ""replacement_text"": ""the hand of the person on the left"", ""reason"": ""disambiguate from the other person holding a racket on the right""}]","[""racket held by person on left (viewer’s left) side of net""]",The source expression is ambiguous because there are two people holding tennis rackets on opposite sides of the net. Added 'on the left' to specify the correct person holding the target racket.,pending_human_confirmation,False
hallu_000484_COCO_train2014_000000159768,COCO_train2014_000000159768.jpg,the person next to the dining table,the person in the green and blue striped top next to the dining table,rewrite,ambiguous,high,"[{""text"": ""in the green and blue striped top"", ""type"": ""attribute"", ""evidence_cue"": ""striped green-and-blue top""}]",[],"[""striped green-and-blue top"", ""person is seated at a white dining table""]",The source expression is ambiguous because there is another person seated at the same dining table. Added the target's distinct clothing pattern and colors to uniquely identify her.,pending_human_confirmation,False
hallu_000497_COCO_train2014_000000428446,COCO_train2014_000000428446.jpg,the dining table with a green placemat,the dining table with an empty green placemat,rewrite,ambiguous,high,"[{""text"": ""empty"", ""type"": ""attribute"", ""evidence_cue"": ""placemat lies on light wood table without any food or dish on it""}]","[{""source_text"": ""a"", ""replacement_text"": ""an empty"", ""reason"": ""added 'empty' to distinguish the target placemat from the other green placemat that has food and dishes on it""}]","[""placemat lies on light wood table without any food or dish on it"", ""lower table area containing pizza in pan, fork, knife, and beer bottle on a second green placemat""]","The source expression is ambiguous because there are multiple green placemats on the table. Adding 'empty' distinguishes the target placemat, which has no food or dishes on it, from the other placemat that holds a pizza and cutlery.",pending_human_confirmation,False
hallu_000552_COCO_train2014_000000289425,COCO_train2014_000000289425.jpg,the baseball player in front of the glove,the baseball player in front of the glove,keep,supported,high,[],[],"[""the green-boxed person is closer to the camera than the glove held by the orange-boxed person"", ""person wearing full baseball uniform (helmet, jersey, pants), on baseball field""]","The source expression truthfully and sufficiently identifies the target, who is spatially closer to the camera than the glove held by another player. Baseline failures are due to model misinterpretation of the spatial relation, not a flaw in the expression itself.",pending_human_confirmation,False
hallu_000554_COCO_train2014_000000111142,COCO_train2014_000000111142.jpg,the person next to the pizza,the person next to the pizza on the right,rewrite,ambiguous,high,"[{""text"": ""on the right"", ""type"": ""relation"", ""evidence_cue"": ""person is positioned to the right of the pizza""}]",[],"[""person is positioned to the right of the pizza"", ""another person is on the left side of the pizza""]",The original expression is ambiguous because there is another person on the left side of the pizza. Added 'on the right' to specify the target's relative position and disambiguate from the distractor.,pending_human_confirmation,False
hallu_000588_COCO_train2014_000000025353,COCO_train2014_000000025353.jpg,the person standing next to the snowboard,the person in black standing next to the snowboard,rewrite,ambiguous,high,"[{""text"": ""in black"", ""type"": ""color"", ""evidence_cue"": ""black outfit vs. light-gray jacket of distractor""}]",[],"[""black outfit vs. light-gray jacket of distractor"", ""standing posture (vs. sitting distractor)""]",The source expression is accurate but caused confusion with a same-category distractor sitting on a snowboard. Adding the color cue 'in black' uniquely distinguishes the standing target from the distractor in the light-gray jacket.,pending_human_confirmation,False
hallu_000596_COCO_train2014_000000546261,COCO_train2014_000000546261.jpg,the bicycle next to the person,the bicycle with the blue fork next to the person,rewrite,ambiguous,high,"[{""text"": ""with the blue fork"", ""type"": ""color"", ""evidence_cue"": ""blue painted metal fork visible left of wheel""}]",[],"[""blue-painted fork distinguishes this bicycle from other bikes possibly present"", ""blue painted metal fork visible left of wheel""]",The source expression is ambiguous due to the presence of three same-category distractors. Adding the distinguishing cue of the blue fork uniquely identifies the target bicycle.,pending_human_confirmation,False
hallu_000602_COCO_train2014_000000492408,COCO_train2014_000000492408.jpg,the umbrella held by the person,the umbrella on the right held by the person,rewrite,ambiguous,high,"[{""text"": ""on the right"", ""type"": ""relation"", ""evidence_cue"": ""positioned to the right of the other umbrella""}]",[],"[""positioned to the right of the other umbrella"", ""two umbrellas are present in the scene""]",The source expression is ambiguous due to the presence of a second umbrella in the scene. Adding 'on the right' uniquely identifies the target umbrella based on its spatial position relative to the distractor.,pending_human_confirmation,False
hallu_000613_COCO_train2014_000000567678,COCO_train2014_000000567678.jpg,the chair in front of the table,the white folding chair in front of the table,rewrite,ambiguous,high,"[{""text"": ""white"", ""type"": ""color"", ""evidence_cue"": ""white or light gray""}, {""text"": ""folding"", ""type"": ""attribute"", ""evidence_cue"": ""folding chair design""}]",[],"[""white or light gray"", ""folding chair design""]",The source expression is ambiguous due to the presence of multiple chairs in the scene. Added color and design attributes to uniquely identify the target folding chair and prevent confusion with the other distractors.,pending_human_confirmation,False
hallu_000618_COCO_train2014_000000380661,COCO_train2014_000000380661.jpg,the chair next to the dining table,the chair next to the dining table occupied by a person in a maroon robe,rewrite,ambiguous,high,"[{""text"": ""occupied by a person in a maroon robe"", ""type"": ""action_state"", ""evidence_cue"": ""occupied by person in maroon robe with white lower garment""}]",[],"[""occupied by person in maroon robe with white lower garment""]",The source expression is ambiguous because there are multiple identical chairs next to the dining table. Adding the specific clothing of the person occupying the target chair uniquely identifies it.,pending_human_confirmation,False
hallu_000621_COCO_train2014_000000152003,COCO_train2014_000000152003.jpg,the carrot next to the rice,the carrot to the left of the rice,rewrite,ambiguous,high,"[{""text"": ""to the left of"", ""type"": ""relation"", ""evidence_cue"": ""adjacent to left side of rice mound""}]","[{""source_text"": ""next to"", ""replacement_text"": ""to the left of"", ""reason"": ""disambiguate from other carrot chunks by specifying exact relative position to the rice""}]","[""adjacent to left side of rice mound"", ""lower-left quadrant of dish relative to rice""]",The source expression is ambiguous due to the presence of three other carrot chunks in the dish. Rewriting to specify the target's position to the left of the rice uniquely identifies it based on the provided disambiguating cues.,pending_human_confirmation,False
hallu_000625_COCO_train2014_000000408266,COCO_train2014_000000408266.jpg,the chair next to the dining table,the chair with a child sitting on it next to the dining table,rewrite,ambiguous,high,"[{""text"": ""with a child sitting on it"", ""type"": ""action_state"", ""evidence_cue"": ""occupied (child sitting on it)""}]",[],"[""occupied (child sitting on it)"", ""child seated on it (unique among visible chairs)""]",The source expression is ambiguous because there are multiple chairs in a row next to the dining table. Adding that a child is sitting on it uniquely identifies the target chair based on the visual evidence.,pending_human_confirmation,False
hallu_000656_COCO_train2014_000000015885,COCO_train2014_000000015885.jpg,the person on the horse,the person in the light blue uniform shirt on the horse,rewrite,ambiguous,high,"[{""text"": ""in the light blue uniform shirt"", ""type"": ""attribute"", ""evidence_cue"": ""light blue uniform shirt""}]",[],"[""light blue uniform shirt""]",The source expression is ambiguous because there is another mounted officer in the scene. Added the distinguishing cue of the light blue uniform shirt to uniquely identify the target person.,pending_human_confirmation,False
hallu_000659_COCO_train2014_000000251466,COCO_train2014_000000251466.jpg,the horse next to the person,the light brown horse next to the person,rewrite,ambiguous,high,"[{""text"": ""light brown"", ""type"": ""color"", ""evidence_cue"": ""uniform light brown coat visible across torso and neck""}]",[],"[""uniform light brown coat visible across torso and neck"", ""light brown coat with blond mane (vs. white horse in orange box)""]","The source expression is ambiguous because there are two horses in the scene, both with riders. Adding the color 'light brown' distinguishes the target from the white horse distractor.",pending_human_confirmation,False
hallu_000666_COCO_train2014_000000316671,COCO_train2014_000000316671.jpg,the wine glass on the table,the leftmost wine glass on the table,rewrite,ambiguous,high,"[{""text"": ""leftmost"", ""type"": ""attribute"", ""evidence_cue"": ""leftmost wine glass on table""}]",[],"[""leftmost wine glass on table""]",The source expression is ambiguous due to the presence of other wine glasses in the scene. Adding 'leftmost' uniquely identifies the target based on the provided disambiguating cues and spatial evidence.,pending_human_confirmation,False
hallu_000667_COCO_train2014_000000320472,COCO_train2014_000000320472.jpg,the television in front of the picture,the television with an antenna in front of the picture,rewrite,ambiguous,high,"[{""text"": ""with an antenna"", ""type"": ""attribute"", ""evidence_cue"": ""has external antenna""}]",[],"[""has external antenna"", ""the television is in front of the picture""]",The source expression is factually correct but lacks a distinguishing visual cue to prevent confusion with the other TV in the scene. Added 'with an antenna' to uniquely identify the target.,pending_human_confirmation,False
hallu_000682_COCO_train2014_000000155107,COCO_train2014_000000155107.jpg,the laptop next to the keyboard,the white laptop next to the keyboard,rewrite,ambiguous,high,"[{""text"": ""white"", ""type"": ""color"", ""evidence_cue"": ""entire visible chassis is white plastic/metal""}]",[],"[""white color distinguishes it from silver laptop on left"", ""entire visible chassis is white plastic/metal""]","Added 'white' to distinguish the target from another silver laptop in the scene, resolving same-category instance confusion that caused baseline failures.",pending_human_confirmation,False
hallu_000683_COCO_train2014_000000296790,COCO_train2014_000000296790.jpg,the dining table with pizza and utensils,"the dining table with pizza, utensils, and a separate plate with one slice",rewrite,ambiguous,high,"[{""text"": ""a separate plate with one slice"", ""type"": ""relation"", ""evidence_cue"": ""only table with both a whole pizza on cardboard AND a separate plate with one slice""}]",[],"[""only table with both a whole pizza on cardboard AND a separate plate with one slice"", ""two other tables visible: one in background with another pizza, and one partially visible""]",The source expression is ambiguous because another dining table in the scene also has pizza and a utensil (spatula). Adding the presence of a separate plate with one slice uniquely identifies the target table.,pending_human_confirmation,False
hallu_000711_COCO_train2014_000000056594,COCO_train2014_000000056594.jpg,the umbrella held by the person,the purple folded umbrella held by the person,rewrite,ambiguous,high,"[{""text"": ""purple"", ""type"": ""color"", ""evidence_cue"": ""solid purple fabric visible in crop""}, {""text"": ""folded"", ""type"": ""attribute"", ""evidence_cue"": ""umbrella is tightly folded and held vertically""}]",[],"[""solid purple fabric visible in crop"", ""umbrella is tightly folded and held vertically""]",The source expression is ambiguous because there is another umbrella held by a person in the image. Added 'purple' and 'folded' to uniquely identify the target umbrella and distinguish it from the green-and-white open distractor.,pending_human_confirmation,False
hallu_000721_COCO_train2014_000000300620,COCO_train2014_000000300620.jpg,the laptop on the table,the laptop on the table displaying a blue and white UI,rewrite,ambiguous,high,"[{""text"": ""displaying a blue and white UI"", ""type"": ""attribute"", ""evidence_cue"": ""screen displays a blue/white UI with tabular data""}]",[],"[""screen displays a blue/white UI with tabular data"", ""multiple laptops are present on the same table""]",The source expression is ambiguous because there are multiple laptops on the table. Added the screen content to uniquely identify the target laptop.,pending_human_confirmation,False
hallu_000732_COCO_train2014_000000127620,COCO_train2014_000000127620.jpg,the couch next to the person,the dark leather couch next to the person,rewrite,ambiguous,high,"[{""text"": ""dark"", ""type"": ""color"", ""evidence_cue"": ""dark brown or black""}, {""text"": ""leather"", ""type"": ""material"", ""evidence_cue"": ""leather or faux leather""}]",[],"[""dark brown or black"", ""leather or faux leather""]",Added color and material cues to disambiguate the target from the same-category distractor.,pending_human_confirmation,False
hallu_000733_COCO_train2014_000000257163,COCO_train2014_000000257163.jpg,the person next to the dog,the person in the dark jacket next to the dog,rewrite,ambiguous,high,"[{""text"": ""in the dark jacket"", ""type"": ""attribute"", ""evidence_cue"": ""dark (black or very dark navy) jacket""}]",[],"[""dark (black or very dark navy) jacket"", ""a second person (wearing orange top)""]",Added 'in the dark jacket' to distinguish the target person from the same-category distractor who is wearing an orange top.,pending_human_confirmation,False
hallu_000748_COCO_train2014_000000285064,COCO_train2014_000000285064.jpg,the person holding the remote,the person holding two white remotes,rewrite,ambiguous,high,"[{""text"": ""two"", ""type"": ""attribute"", ""evidence_cue"": ""holds two white Wii remotes instead of one""}, {""text"": ""white"", ""type"": ""color"", ""evidence_cue"": ""two white Wii remotes held in hands""}]","[{""source_text"": ""the remote"", ""replacement_text"": ""two white remotes"", ""reason"": ""target holds two remotes, singular phrasing better matches a distractor holding only one remote""}]","[""holds two white Wii remotes instead of one"", ""two white Wii remotes held in hands""]","The source expression uses the singular 'remote', which is ambiguous and better matches a same-category distractor holding exactly one remote. The target is holding two white remotes, so the expression is rewritten to specify the correct count and color to uniquely identify the target.",pending_human_confirmation,False
hallu_000751_COCO_train2014_000000374248,COCO_train2014_000000374248.jpg,the red umbrella next to the backpack,the red umbrella next to the backpack,keep,supported,high,[],[],"[""black backpack lies on towel immediately to the right of umbrella pole base"", ""two umbrellas visible... both are red... but the relation disambiguates""]","The source expression includes the spatial relation 'next to the backpack', which successfully and uniquely disambiguates the target from the other red umbrella in the scene. All atoms are fully supported by the visual evidence.",pending_human_confirmation,False
hallu_000765_COCO_train2014_000000473870,COCO_train2014_000000473870.jpg,the person in front of the skis,the person in the dark blue jacket in front of the skis,rewrite,ambiguous,high,"[{""text"": ""in the dark blue jacket"", ""type"": ""color"", ""evidence_cue"": ""dark blue puffy jacket""}]",[],"[""dark blue puffy jacket"", ""the person is positioned in front of a pair of skis lying horizontally on the snow behind them""]",The source expression is supported but potentially ambiguous given multiple skiers in the scene. Adding the dark blue jacket color uniquely identifies the target and prevents confusion with the distractor in the red jacket.,pending_human_confirmation,False
hallu_000781_COCO_train2014_000000490541,COCO_train2014_000000490541.jpg,the tennis racket in the child's hand,the maroon and yellow tennis racket in the child's hand,rewrite,ambiguous,high,"[{""text"": ""maroon and yellow"", ""type"": ""color"", ""evidence_cue"": ""maroon frame with yellow trim""}]",[],"[""maroon frame with yellow trim""]",The source expression is ambiguous because there are two children holding tennis rackets in the image. Adding the specific colors of the target racket's frame disambiguates it from the blue and white racket held by the other child.,pending_human_confirmation,False
hallu_000787_COCO_train2014_000000163713,COCO_train2014_000000163713.jpg,the person sitting next to the dining table,the leftmost person sitting next to the dining table wearing a patterned beige shirt,rewrite,ambiguous,high,"[{""text"": ""leftmost"", ""type"": ""relation"", ""evidence_cue"": ""person is on the left side of the table (viewer’s left)""}, {""text"": ""wearing a patterned beige shirt"", ""type"": ""attribute"", ""evidence_cue"": ""beige/tan with black leafy pattern shirt""}]",[],"[""person is on the left side of the table (viewer’s left)"", ""beige/tan with black leafy pattern shirt""]",The source expression is ambiguous because there are multiple people sitting at the same dining table. Added 'leftmost' and 'wearing a patterned beige shirt' to uniquely identify the target based on visual evidence.,pending_human_confirmation,False
hallu_000798_COCO_train2014_000000515815,COCO_train2014_000000515815.jpg,the person lying on the couch,the person in the light blue shirt lying on the couch,rewrite,ambiguous,high,"[{""text"": ""in the light blue shirt"", ""type"": ""color"", ""evidence_cue"": ""solid light blue long-sleeve shirt""}]",[],"[""solid light blue long-sleeve shirt"", ""a second person lies on another couch to the right""]",The source expression is ambiguous because there is a second person also lying on a separate couch in the scene. Added the color of the target's shirt to uniquely identify them.,pending_human_confirmation,False
hallu_000799_COCO_train2014_000000325966,COCO_train2014_000000325966.jpg,the laptop in front of the person,the laptop in front of the woman,rewrite,ambiguous,high,"[{""text"": ""woman"", ""type"": ""object"", ""evidence_cue"": ""laptop is in front of the woman (left person)""}]","[{""source_text"": ""person"", ""replacement_text"": ""woman"", ""reason"": ""disambiguate from the man who also has a laptop in front of him""}]","[""laptop is in front of the woman (left person)"", ""man sits to the right; orange box encloses a different laptop in front of him""]",The source expression is ambiguous because there are two people and two laptops in the image. Replacing 'person' with 'woman' uniquely identifies the target laptop on the left.,pending_human_confirmation,False
hallu_000820_COCO_train2014_000000503472,COCO_train2014_000000503472.jpg,the dining table in front of the couch,the yellow circular coffee table in front of the couch,rewrite,contradicted,high,"[{""text"": ""yellow"", ""type"": ""color"", ""evidence_cue"": ""bright yellow circular tabletop""}, {""text"": ""circular"", ""type"": ""attribute"", ""evidence_cue"": ""clear circular edge""}, {""text"": ""coffee"", ""type"": ""object"", ""evidence_cue"": ""low height (coffee table)""}]","[{""source_text"": ""dining table"", ""replacement_text"": ""yellow circular coffee table"", ""reason"": ""visual evidence contradicts dining table and confirms it is a low yellow circular coffee table""}]","[""bright yellow circular tabletop"", ""low height (coffee table)"", ""clear circular edge"", ""directly in front of the light-colored fabric couch""]","The source expression incorrectly identifies the target as a dining table, which is contradicted by visual evidence showing a low, yellow, circular coffee table. The spatial relation is correct. The expression is rewritten to fix the category and add distinguishing color and shape cues to prevent confusion with the other dark round table in the room.",pending_human_confirmation,False
hallu_000821_COCO_train2014_000000033764,COCO_train2014_000000033764.jpg,the person next to the frisbee,the person in black on the far right,rewrite,ambiguous,high,"[{""text"": ""in black"", ""type"": ""color"", ""evidence_cue"": ""wearing black full-body athletic outfit""}, {""text"": ""on the far right"", ""type"": ""relation"", ""evidence_cue"": ""positioned distinctly right of frisbee holder""}]","[{""source_text"": ""next to the frisbee"", ""replacement_text"": ""on the far right"", ""reason"": ""replaced ambiguous relation with precise spatial location to distinguish from other people near the frisbee""}]","[""only person on far right wearing black full-body athletic outfit"", ""positioned distinctly right of frisbee holder""]",The source expression is ambiguous as multiple people are near the frisbee. Added color and spatial cues to uniquely identify the target on the far right wearing a black athletic outfit.,pending_human_confirmation,False
hallu_000871_COCO_train2014_000000292844,COCO_train2014_000000292844.jpg,the person in front of the chair,the person in blue in front of the chair,rewrite,ambiguous,high,"[{""text"": ""in blue"", ""type"": ""color"", ""evidence_cue"": ""blue knit top and denim jeans""}]",[],"[""blue knit top and denim jeans"", ""solid medium-blue long-sleeve knit top""]",The source expression is technically supported but lacks a distinguishing cue given three same-category distractors and the baseline's confusion with another person. Adding the color cue 'in blue' robustly disambiguates the target.,pending_human_confirmation,False
hallu_000874_COCO_train2014_000000152431,COCO_train2014_000000152431.jpg,the person next to the sandwich,the person next to the sandwich,keep,supported,high,[],[],"[""only one person (GT) has direct adjacency to the sandwich; others are farther away"", ""sandwich half lies on white cloth directly to the right of the person’s torso; spatial adjacency confirmed""]","The source expression truthfully and sufficiently identifies the exact target. Visual evidence confirms that only one person is directly adjacent to the sandwich, making the expression unambiguous. The baseline model's failure was due to a spatial reasoning error rather than a flaw in the referring expression.",pending_human_confirmation,False
hallu_000882_COCO_train2014_000000349527,COCO_train2014_000000349527.jpg,the skis held by the person,the yellow skis held by the person in a black jacket,rewrite,ambiguous,high,"[{""text"": ""yellow"", ""type"": ""color"", ""evidence_cue"": ""yellow ski base""}, {""text"": ""in a black jacket"", ""type"": ""attribute"", ""evidence_cue"": ""person wearing a black jacket with blue trim""}]",[],"[""yellow ski base"", ""person wearing a black jacket""]",The source expression is ambiguous because there are multiple people holding skis in the scene. Added the color of the skis and the jacket color of the person holding them to uniquely identify the target.,pending_human_confirmation,False
hallu_000923_COCO_train2014_000000333356,COCO_train2014_000000333356.jpg,the backpack on the person's back,the backpack with a bright blue front pocket on the back of the person in a purple jacket,rewrite,ambiguous,high,"[{""text"": ""with a bright blue front pocket"", ""type"": ""attribute"", ""evidence_cue"": ""bright blue front pocket""}, {""text"": ""in a purple jacket"", ""type"": ""attribute"", ""evidence_cue"": ""worn by person in purple jacket""}]","[{""source_text"": ""on the person's back"", ""replacement_text"": ""on the back of the person in a purple jacket"", ""reason"": ""specify which person to disambiguate from other people wearing backpacks""}]","[""bright blue front pocket"", ""worn by person in purple jacket""]",The source expression is ambiguous due to multiple backpacks in the scene. Adding the bright blue front pocket and the purple jacket of the wearer uniquely identifies the target.,pending_human_confirmation,False
hallu_000931_COCO_train2014_000000062233,COCO_train2014_000000062233.jpg,the person holding a remote,the person wearing a black beanie and glasses holding a remote,rewrite,ambiguous,high,"[{""text"": ""wearing a black beanie and glasses"", ""type"": ""attribute"", ""evidence_cue"": ""wearing black beanie and glasses""}]",[],"[""wearing black beanie and glasses""]",The source expression is ambiguous because multiple people in the image are holding remotes. Added the distinguishing visual attributes of wearing a black beanie and glasses to uniquely identify the target person.,pending_human_confirmation,False
hallu_000932_COCO_train2014_000000066853,COCO_train2014_000000066853.jpg,the laptop in front of the TV,the leftmost laptop in front of the TV,rewrite,ambiguous,high,"[{""text"": ""leftmost"", ""type"": ""attribute"", ""evidence_cue"": ""the green-boxed laptop is leftmost of three laptops visible""}]",[],"[""the green-boxed laptop is leftmost of three laptops visible"", ""full image shows three laptops: green (left), center (unboxed), orange (right)""]","While the target is the only laptop directly aligned in front of the TV, the presence of three laptops on the same desk creates spatial ambiguity that led to baseline confusion. Adding 'leftmost' provides a clear, supported disambiguating cue.",pending_human_confirmation,False
hallu_000935_COCO_train2014_000000271473,COCO_train2014_000000271473.jpg,the person holding a wine glass,the person in the striped shirt holding a wine glass,rewrite,ambiguous,high,"[{""text"": ""in the striped shirt"", ""type"": ""attribute"", ""evidence_cue"": ""clear striped pattern on torso""}]",[],"[""clear striped pattern on torso"", ""woman in yellow top holding wine glass""]",The source expression is ambiguous because another person in the scene is also holding a wine glass. Adding the striped shirt attribute uniquely identifies the target.,pending_human_confirmation,False
hallu_000947_COCO_train2014_000000322239,COCO_train2014_000000322239.jpg,the bed under the suitcase,the bed under the suitcase,keep,supported,high,[],[],"[""target box covers a continuous brown fabric surface consistent with a bed"", ""target box is spatially below the suitcase's base; suitcase rests on it""]",The source expression truthfully and sufficiently identifies the exact target. Visual evidence confirms the target is a bed and it is located under the suitcase.,pending_human_confirmation,False
hallu_000972_COCO_train2014_000000135589,COCO_train2014_000000135589.jpg,the person wearing a red tie,the person with a beard wearing a red tie,rewrite,ambiguous,high,"[{""text"": ""with a beard"", ""type"": ""attribute"", ""evidence_cue"": ""facial features and beard visible only in GT person""}]",[],"[""facial features and beard visible only in GT person"", ""visible facial hair (beard and mustache)""]",The source expression is ambiguous because a background distractor is also wearing a red tie. Adding 'with a beard' distinguishes the sharply focused target in the foreground from the blurred background figure.,pending_human_confirmation,False
hallu_017587_COCO_train2014_000000017587,COCO_train2014_000000017587.jpg,the person holding a cup,the person holding a cup and wearing a white patterned headband,rewrite,supported,high,"[{""text"": ""wearing a white patterned headband"", ""type"": ""attribute"", ""evidence_cue"": ""white patterned headband""}]",[],"[""white patterned headband"", ""holding a cup with right hand""]","The source expression is truthful but lacks a distinguishing cue to prevent confusion with the three same-category distractors, as evidenced by baseline failures. Added the white patterned headband cue to uniquely and robustly identify the target.",pending_human_confirmation,False
hallu_019123_COCO_train2014_000000019123,COCO_train2014_000000019123.jpg,the person sitting in front of the bookshelf,the person sitting in front of the bookshelf,keep,supported,high,[],[],"[""one clearly visible person fully enclosed by green GT box"", ""posture confirms seated position"", ""person's back is adjacent to and in front of bookshelf"", ""only one person in front of bookshelf""]","The source expression truthfully and sufficiently identifies the exact target, as visual evidence confirms there is only one person sitting in front of the bookshelf.",pending_human_confirmation,False
hallu_084815_COCO_train2014_000000084815,COCO_train2014_000000084815.jpg,the chair behind the dining table,the chair behind the dining table,keep,supported,high,[],[],"[""the GT box is positioned behind the dining table"", ""green box encloses a vertical dark object consistent with chair back""]",The source expression accurately and sufficiently identifies the target chair using the supported spatial relation 'behind the dining table'.,pending_human_confirmation,False
hallu_102290_COCO_train2014_000000102290,COCO_train2014_000000102290.jpg,the person next to the traffic light,the person doing a handstand next to the traffic light,rewrite,supported,high,"[{""text"": ""doing a handstand"", ""type"": ""action_state"", ""evidence_cue"": ""performing handstand / breakdance move""}]",[],"[""performing handstand / breakdance move"", ""traffic light is immediately to the right of the person's head""]","The source expression's spatial relation is supported and likely unique, but adding the highly visible action state ensures the target is unambiguously distinguished from the three same-category distractors in the scene.",pending_human_confirmation,False
hallu_113436_COCO_train2014_000000113436,COCO_train2014_000000113436.jpg,the person sitting on the wooden table,the person sitting on the wooden table,keep,supported,high,[],[],"[""person is seated on a low wooden table/shelf unit"", ""posture shows seated position with weight on surface"", ""brown surface with clear wood grain texture""]","The source expression truthfully and sufficiently identifies the exact target. The only same-category distractor is a standing person, making the action and relation 'sitting on the wooden table' a fully disambiguating and accurate description.",pending_human_confirmation,False
hallu_129359_COCO_train2014_000000129359,COCO_train2014_000000129359.jpg,the bowl with sprouts next to the spoon,the bowl with sprouts next to the spoon,keep,supported,high,[],[],"[""green box tightly encloses a white ceramic bowl"", ""green micro-sprouts clearly fill the bowl interior"", ""spoon is inside the immediately adjacent left bowl; spatial proximity satisfies 'next to'""]","The source expression truthfully and sufficiently identifies the exact target. All object, attribute, and relational atoms are fully supported by the visual evidence, and there are no same-category distractors.",pending_human_confirmation,False
hallu_135796_COCO_train2014_000000135796,COCO_train2014_000000135796.jpg,the bowl on the table,the bowl on the table,keep,supported,high,[],[],"[""GT box tightly encloses a clear glass bowl containing a mixed substance"", ""bowl rests directly on mosaic-tiled table surface""]","The source expression truthfully and sufficiently identifies the exact target, which is a bowl on a table. The category hint 'chair' is an incorrect metadata tag, but the expression and target align perfectly with no same-category distractors.",pending_human_confirmation,False
hallu_140291_COCO_train2014_000000140291,COCO_train2014_000000140291.jpg,the person standing next to the truck,the person in the pale yellow shirt standing next to the truck,rewrite,ambiguous,high,"[{""text"": ""in the pale yellow shirt"", ""type"": ""color"", ""evidence_cue"": ""pale yellow/cream shirt""}]",[],"[""pale yellow/cream shirt"", ""two people are near the truck""]",The source expression is ambiguous because there are two people standing next to the truck. Added the target's shirt color to uniquely identify them.,pending_human_confirmation,False
hallu_156757_COCO_train2014_000000156757,COCO_train2014_000000156757.jpg,the tie on the person's neck,the black tie with white cross-like patterns on the person in the white shirt,rewrite,ambiguous,high,"[{""text"": ""black"", ""type"": ""color"", ""evidence_cue"": ""black tie with white cross-like pattern""}, {""text"": ""with white cross-like patterns"", ""type"": ""attribute"", ""evidence_cue"": ""black tie with white cross-like pattern""}, {""text"": ""in the white shirt"", ""type"": ""attribute"", ""evidence_cue"": ""worn by female-presenting person in white shirt""}]","[{""source_text"": ""the tie"", ""replacement_text"": ""the black tie with white cross-like patterns"", ""reason"": ""added color and pattern to distinguish from other ties""}, {""source_text"": ""person's"", ""replacement_text"": ""person in the white shirt"", ""reason"": ""added clothing to distinguish the person from others""}]","[""black tie with white cross-like pattern"", ""worn by female-presenting person in white shirt""]","The source expression is ambiguous as there are multiple people wearing ties in the image. Added the tie's specific color and pattern, along with the person's shirt color, to uniquely identify the target.",pending_human_confirmation,False
hallu_212070_COCO_train2014_000000212070,COCO_train2014_000000212070.jpg,the umbrella held by the person,the pink umbrella held by the person,rewrite,ambiguous,high,"[{""text"": ""pink"", ""type"": ""color"", ""evidence_cue"": ""bright solid pink color""}]",[],"[""bright solid pink color""]",The source expression is ambiguous due to the presence of another umbrella. Adding the color 'pink' uniquely identifies the target.,pending_human_confirmation,False
hallu_237831_COCO_train2014_000000237831,COCO_train2014_000000237831.jpg,the baby in the high chair,the baby in the high chair,keep,supported,high,[],[],"[""small human infant clearly visible within green GT box"", ""baby is seated inside the high chair structure (backrest and tray visible around baby)"", ""only one infant visible in image""]","The source expression truthfully and sufficiently identifies the exact target. The target is the only baby in the image and is clearly seated in a high chair, making the expression unambiguous.",pending_human_confirmation,False
hallu_269532_COCO_train2014_000000269532,COCO_train2014_000000269532.jpg,the person next to the sheep,the person in the cowboy hat next to the sheep,rewrite,ambiguous,high,"[{""text"": ""in the cowboy hat"", ""type"": ""attribute"", ""evidence_cue"": ""cowboy hat (distinctive vs. other person's cap)""}]",[],"[""cowboy hat (distinctive vs. other person's cap)"", ""sheep occupy space immediately to the right of the GT-boxed person""]","The source expression is ambiguous due to the presence of multiple people in the scene, including others near the sheep. Adding 'in the cowboy hat' uniquely identifies the target based on distinctive visual evidence.",pending_human_confirmation,False
hallu_285679_COCO_train2014_000000285679,COCO_train2014_000000285679.jpg,the car in front of the truck,the car in front of the truck,keep,supported,high,[],[],"[""GT car is spatially closer to camera and ahead of the larger burnt truck"", ""green box contains a clearly identifiable burnt car""]",The source expression truthfully and sufficiently identifies the target car using the supported spatial relation 'in front of the truck'.,pending_human_confirmation,False
hallu_309292_COCO_train2014_000000309292,COCO_train2014_000000309292.jpg,the bowl in front of the spoon,the light yellow bowl on the reddish-brown plate,rewrite,ambiguous,high,"[{""text"": ""light yellow"", ""type"": ""color"", ""evidence_cue"": ""light yellow or beige""}, {""text"": ""on the reddish-brown plate"", ""type"": ""relation"", ""evidence_cue"": ""sitting on a reddish-brown oval plate""}]","[{""source_text"": ""in front of the spoon"", ""replacement_text"": ""on the reddish-brown plate"", ""reason"": ""Replaced awkward and ambiguous spatial relation with a clearer disambiguating cue to distinguish from another bowl with a spoon in the scene.""}]","[""light yellow or beige"", ""sitting on a reddish-brown oval plate""]",The source expression is ambiguous due to the presence of another bowl containing a spoon. Replaced the awkward 'in front of the spoon' relation with distinct color and plate cues to uniquely identify the target.,pending_human_confirmation,False
hallu_313873_COCO_train2014_000000313873,COCO_train2014_000000313873.jpg,the person holding a cell phone,the person in a red hoodie holding a cell phone,rewrite,ambiguous,high,"[{""text"": ""in a red hoodie"", ""type"": ""attribute"", ""evidence_cue"": ""solid red sweatshirt with yellow/black logo on chest""}]",[],"[""solid red sweatshirt with yellow/black logo on chest"", ""right person fully outside GT box holding blue phone""]",The source expression is ambiguous because another person in the scene is also holding a cell phone. Adding 'in a red hoodie' uniquely identifies the target based on the visual evidence.,pending_human_confirmation,False
hallu_329239_COCO_train2014_000000329239,COCO_train2014_000000329239.jpg,the car parked behind the tennis court,the white car parked behind the left side of the tennis court,rewrite,ambiguous,high,"[{""text"": ""white"", ""type"": ""color"", ""evidence_cue"": ""white/light-colored body""}, {""text"": ""left side"", ""type"": ""relation"", ""evidence_cue"": ""position directly behind the left side of the tennis net""}]","[{""source_text"": ""the car"", ""replacement_text"": ""the white car"", ""reason"": ""added color to distinguish from the dark SUV distractor""}, {""source_text"": ""behind the tennis court"", ""replacement_text"": ""behind the left side of the tennis court"", ""reason"": ""added spatial position to distinguish from the car on the right""}]","[""white/light-colored body"", ""position directly behind the left side of the tennis net""]",The source expression is ambiguous because there is another car (a dark SUV) also parked behind the tennis court fence. Added 'white' and 'left side' to uniquely identify the target car based on visual evidence.,pending_human_confirmation,False
hallu_364293_COCO_train2014_000000364293,COCO_train2014_000000364293.jpg,the person next to the dishwasher,the person next to the dishwasher,keep,supported,high,[],[],"[""person's right side directly adjacent to left side of open dishwasher; zero gap between them"", ""baseline box encloses second person wearing red/blue/gray horizontal stripes, positioned near white oven, not near dishwasher""]","The source expression truthfully and sufficiently identifies the exact target. The spatial relation 'next to the dishwasher' uniquely distinguishes the target from the same-category distractor, who is located near the oven. The baseline models' failure to ground the correct instance does not make the expression itself ambiguous.",pending_human_confirmation,False
hallu_374924_COCO_train2014_000000374924,COCO_train2014_000000374924.jpg,the person holding the baseball bat,the person holding the baseball bat,keep,supported,high,[],[],"[""both hands gripping bat in ready batting stance"", ""a second person (umpire/catcher) is crouched to the left and slightly behind the batter""]","The source expression truthfully and sufficiently identifies the target. The only other person in the scene is an umpire/catcher who is not holding a bat, making the relation 'holding the baseball bat' uniquely disambiguating.",pending_human_confirmation,False
hallu_426149_COCO_train2014_000000426149,COCO_train2014_000000426149.jpg,the person next to the table,the person next to the table holding a white Wii remote,rewrite,ambiguous,high,"[{""text"": ""holding a white Wii remote"", ""type"": ""action_state"", ""evidence_cue"": ""holding white Wii remote in right hand""}]",[],"[""holding white Wii remote in right hand"", ""person is positioned next to a table""]",The source expression is ambiguous due to the presence of multiple people. Adding the specific action of holding a white Wii remote uniquely identifies the target person next to the table.,pending_human_confirmation,False
hallu_496374_COCO_train2014_000000496374,COCO_train2014_000000496374.jpg,the pizza on the cooling rack,the pizza on the cooling rack,keep,supported,high,[],[],"[""Metal wire rack is directly beneath the pizza inside the GT box; pizza rests on it."", ""A second pizza (in box) is to the left of the GT pizza, partially visible.""]","The source expression accurately and unambiguously identifies the target pizza, which is resting on a cooling rack, distinguishing it from the other pizza in the image that is inside a box.",pending_human_confirmation,False
hallu_502148_COCO_train2014_000000502148,COCO_train2014_000000502148.jpg,the bed next to the suitcase,the left bed next to the suitcase,rewrite,ambiguous,high,"[{""text"": ""left"", ""type"": ""attribute"", ""evidence_cue"": ""the GT bed is the left-hand bed in the image""}]",[],"[""the GT bed is the left-hand bed in the image"", ""a black suitcase with extended handle is positioned between the two beds""]","The suitcase is positioned between the two beds, meaning both beds are next to it. Adding 'left' resolves the same-category ambiguity by specifying the target's position.",pending_human_confirmation,False
hallu_565476_COCO_train2014_000000565476,COCO_train2014_000000565476.jpg,the apple in front of the bananas,the mottled red and yellow apple in front of the bananas,rewrite,ambiguous,high,"[{""text"": ""mottled red and yellow"", ""type"": ""color"", ""evidence_cue"": ""visible surface shows red base with yellow patches and numerous small dark brown/black speckles""}]",[],"[""visible surface shows red base with yellow patches and numerous small dark brown/black speckles"", ""a second apple lies in front of the GT apple, closer to viewer""]",The source expression is ambiguous because there is another brighter red apple in front of the target. Adding the color cue 'mottled red and yellow' uniquely identifies the target apple based on its distinct skin pattern.,pending_human_confirmation,False
